q_id,doc_id,Gender,score,judgment
    1,1,1,0.962650646,1
    1,2,0,0.940172822,0.98
    1,3,0,0.925288003,0.96
    1,4,1,0.896143226,0.94
    1,5,0,0.891807756,0.92
    1,6,0,0.838704767,0.9
