q_id,doc_id,Gender,score_1,score_2,judgement
1,1,1,0.225394166,-2.720099247,3.04
1,2,0,0.408997182,0.901584455,2.62
1,3,0,0.408997182,-0.788534606,2.6
1,4,1,0.776203214,-1.754316926,2.58
1,5,0,-0.692620913,1.384475615,2.52
1,6,0,-1.059826945,-0.064197866,2.48
1,7,0,1.143409245,1.143030035,2.43
1,8,1,0.95980623,1.143030035,2.4
1,9,1,1.510615277,-0.305643446,2.39
1,10,1,0.95980623,0.660138875,2.37
