Inference Service,ULTR,FLTR,ULTR + PostF,ULTRH + PostF,LTR + PostF
G-TRUTH,0.4663178743284558,0.3912850178887199,0.4344870762819391,0.4344870762819391,0.4259968480878157
GAPI,0.4759313664534964,0.3859885779908678,0.435482001781245,0.4451782273084831,0.4365540945451406
BTN,0.4903002397453201,0.3978484721487551,0.4371661100240246,0.465838599186097,0.4642782424103202
NMSOR,0.4868058140309392,0.3861955189294965,0.4359489127979407,0.4637966236836227,0.462608046800819
