doc_id,Gender,judgement
7,0,0.386896484857726
8,0,0.3428849188068602
10,0,0.2749409068435375
9,0,0.271087581408208
2,1,0.1681874931180113
5,1,-0.02793789242241318
3,0,-0.06092582805886178
4,0,-0.10879071940435456
6,1,-0.31979306103423627
1,0,-0.3767134423434311
