doc_id,Gender,judgement
7,0,0.37854555116277033
8,0,0.3343910050456038
10,0,0.26665810851358135
9,0,0.2636559541417491
2,1,0.13472465669998523
5,1,-0.06246972467343748
3,0,-0.06900422029571861
4,0,-0.11616092064445208
6,1,-0.35397750712508175
1,0,-0.38409035292172944
