doc_id,Gender,judgement
7,0,0.37820321864092743
8,0,0.3341902401794755
10,0,0.266251181003165
9,0,0.26241199837364404
2,1,0.1770871684143129
5,1,-0.02795703830318208
3,0,-0.0696049327699689
4,0,-0.10855169979374663
6,1,-0.310894779448643
1,0,-0.38537414831707306
