doc_id,Gender,judgement
7,0,0.37854555116277033
8,0,0.3343910050456038
9,0,0.2636559541417491
10,0,0.23332184750694124
2,1,0.13472465669998523
5,1,-0.029133463666797366
3,0,-0.06900422029571861
4,0,-0.14949718165109221
6,1,-0.32064124611844164
1,0,-0.38409035292172944
