doc_id,Gender,judgement
7,0,0.37820576402226724
8,0,0.33419419797140143
10,0,0.2749409068435375
9,0,0.26239686057274925
2,1,0.17687821395347003
5,1,-0.02793789242241318
3,0,-0.06961654889432053
4,0,-0.10879071940435456
6,1,-0.31979306103423627
1,0,-0.3854041631788899
