doc_id,Gender,judgement
7,0,0.37820321864092743
8,0,0.3430956341059785
10,0,0.27515657492966805
9,0,0.271317392300147
2,1,0.16818177448780994
5,1,-0.02795703830318208
3,0,-0.0696049327699689
4,0,-0.10855169979374663
6,1,-0.319800173375146
1,0,-0.3764687543905701
