doc_id,Gender,judgement
7,0,0.37854555116277033
8,0,0.3010547440389637
10,0,0.23332184750694124
9,0,0.23031969313510897
2,1,0.16806091770662535
5,1,-0.029133463666797366
3,0,-0.06900422029571861
4,0,-0.14949718165109221
6,1,-0.32064124611844164
1,0,-0.4174266139283696
