Inference Service,ULTR,FLTR,ULTR + PostF,ULTRH + PostF,LTR + PostF
G-TRUTH,0.6898645114437287,0.6697969938121634,0.6717834448492616,0.687453648200021,0.6669589883261815
