Inference Service,ULTR,FLTR,ULTR + PostF,ULTRH + PostF,LTR + PostF
G-TRUTH,0.4999575883214038,0.4433927415470927,0.4555207937379574,0.4555207937379574,0.4555207937379574
GAPI,0.5121396116416574,0.4198188581806842,0.4801954362035744,0.4931201253020562,0.4931201253020562
BTN,0.5697991769877327,0.4586164890158885,0.5066394884228548,0.4991808191713239,0.4991808191713239
NMSOR,0.5254733244290453,0.4178578663004312,0.4786147210571426,0.4999575883214038,0.4999575883214038
