Inference Service,ULTR,FLTR,ULTR + PostF,ULTRH + PostF,LTR + PostF
G-TRUTH,0.6821552010712782,0.6619043116977706,0.68554428224973,0.6740871859854097,0.6740871859854097
GAPI,0.6765812919072249,0.6442331275376213,0.6320526869780585,0.6756741346391334,0.6756741346391334
BTN,0.6685381124656613,0.6781109983697716,0.64402460344402,0.6786264562064207,0.6786264562064207
NMSOR,0.662377291722461,0.6291218143420374,0.64960582665791,0.682692466381334,0.682692466381334
