doc_id,Gender,judgement,GT_score,InferredGender
3,0,0.09305348981407657,2.76,0
9,0,0.09192034882668258,2.08,0
10,0,0.06982223931778181,2.08,0
2,0,0.05424000043358962,2.85,0
5,1,0.026546984176165356,2.7,1
7,0,0.017268330314862017,2.17,0
4,1,-0.01240799271964125,2.71,1
8,0,-0.03316078429371266,2.13,0
1,0,-0.059225507458717914,3.04,0
6,1,-0.07006165630752859,2.6,1
