doc_id,Gender,judgement,GT_score,InferredGender
3,0,0.09312014755490482,2.76,0
9,0,0.09228941694957031,2.08,0
10,0,0.07023105245704128,2.08,0
2,0,0.053925908464537146,2.85,0
5,1,0.04248255334737304,2.7,1
7,0,0.017546386123982967,2.17,0
4,1,0.003672732826057941,2.71,1
8,0,-0.033092400495292884,2.13,0
6,1,-0.054703260517816196,2.6,1
1,0,-0.06001136145141789,3.04,0
