doc_id,Gender,judgement,GT_score,InferredGender
3,0,0.09311920476520005,2.76,0
9,0,0.09229684582420211,2.08,0
10,0,0.07024023748255562,2.08,0
2,0,0.053915627788277784,2.85,0
5,1,0.04260545644618678,2.7,1
7,0,0.017553536432552013,2.17,0
4,1,0.0038008021050094988,2.71,1
8,0,-0.03308952416567045,2.13,0
6,1,-0.054593383900868216,2.6,1
1,0,-0.06003125858029457,3.04,0
