Inference Service,ULTR,FLTR,ULTR + PostF,ULTRH + PostF,LTR + PostF
G-TRUTH,0.6301834542107793,0.623465076675374,0.6317088917801412,0.6286085528696395,0.631169628077553
