Inference Service,ULTR,FLTR,ULTR + PostF,ULTRH + PostF,LTR + PostF
G-TRUTH,0.637713042992137,0.6376078942226696,0.649428944074796,0.6445757787009542,0.645947173720957
