Inference Service,ULTR,FLTR,ULTR + PostF,ULTRH + PostF,LTR + PostF
G-TRUTH,0.4122850997980608,0.3674597945156306,0.3756330271580304,0.3756352757517046,0.3748743551225851
GAPI,0.4129399469431746,0.3676718857683059,0.3760748172152294,0.3882931885541191,0.3866531804610441
BTN,0.4193391186000646,0.3701498535948844,0.3848488538468059,0.402883202589436,0.401840231478463
NMSOR,0.4095790912497357,0.369492011524897,0.3783119862759176,0.4104744046570674,0.4070605542268902
