doc_id,Gender,judgement
7,0,0.37820576402226724
8,0,0.33419419797140143
10,0,0.26625018600807876
9,0,0.26239686057274925
2,1,0.17687821395347003
5,1,-0.019247171586954437
3,0,-0.06961654889432053
4,0,-0.1174814402398133
6,1,-0.3111023401987775
1,0,-0.3854041631788899
